{"version": "1", "message": "ERROR: Hidden Testcases server unreachable.", "problem_id": "ads2_m6_a1_1", "user_id": "Madhu-92", "score": {"sample": {"0": {"execution_time": 0.44268345832824707, "passed": false}, "1": {"execution_time": 0.39159679412841797, "passed": false}, "2": {"execution_time": 0.4019026756286621, "passed": false}, "3": {"execution_time": 0.4124431610107422, "passed": false}, "4": {"execution_time": 0.43228936195373535, "passed": false}, "5": {"execution_time": 0.6062228679656982, "passed": false}, "6": {"execution_time": 0.37857627868652344, "passed": false}, "7": {"execution_time": 0.467132568359375, "passed": false}, "8": {"execution_time": 0.43346571922302246, "passed": false}, "9": {"execution_time": 0.43697237968444824, "passed": false}, "10": {"execution_time": 0.45104074478149414, "passed": false}, "11": {"execution_time": 0.45226120948791504, "passed": false}}}, "check_style_score": "0/1"}