{"version": "1", "message": "ERROR: Hidden Testcases server unreachable.", "problem_id": "ads2_m6_a1_1", "user_id": "Madhu-92", "score": {"sample": {"0": {"execution_time": 0.48921918869018555, "passed": false}, "1": {"execution_time": 0.40022873878479004, "passed": false}, "2": {"execution_time": 0.4539365768432617, "passed": false}, "3": {"execution_time": 0.40869712829589844, "passed": false}, "4": {"execution_time": 0.39274096488952637, "passed": false}, "5": {"execution_time": 0.35910534858703613, "passed": false}, "6": {"execution_time": 0.38918590545654297, "passed": false}, "7": {"execution_time": 0.39455485343933105, "passed": false}, "8": {"execution_time": 0.35106420516967773, "passed": false}, "9": {"execution_time": 0.37337565422058105, "passed": false}, "10": {"execution_time": 0.4052293300628662, "passed": false}, "11": {"execution_time": 0.4036295413970947, "passed": false}}}, "check_style_score": "0/1"}