{"version": "1", "message": "ERROR: Hidden Testcases server unreachable.", "problem_id": "ads2_m6_a1_1", "user_id": "Madhu-92", "score": {"sample": {"0": {"execution_time": 0.4435129165649414, "passed": false}, "1": {"execution_time": 0.3865206241607666, "passed": false}, "2": {"execution_time": 0.400787353515625, "passed": false}, "3": {"execution_time": 0.4353065490722656, "passed": false}, "4": {"execution_time": 0.3664224147796631, "passed": false}, "5": {"execution_time": 0.4097764492034912, "passed": false}, "6": {"execution_time": 0.37146544456481934, "passed": false}, "7": {"execution_time": 0.3365652561187744, "passed": false}, "8": {"execution_time": 0.40323829650878906, "passed": false}, "9": {"execution_time": 0.38693666458129883, "passed": false}, "10": {"execution_time": 0.5337622165679932, "passed": false}, "11": {"execution_time": 0.39896726608276367, "passed": false}}}, "check_style_score": "0/1"}