{"version": "1", "message": "ERROR: Hidden Testcases server unreachable.", "problem_id": "ads2_m6_a1_1", "user_id": "Madhu-92", "score": {"sample": {"0": {"execution_time": 0.42568325996398926, "passed": false}, "1": {"execution_time": 0.4667086601257324, "passed": false}, "2": {"execution_time": 0.45981383323669434, "passed": false}, "3": {"execution_time": 0.4717385768890381, "passed": false}, "4": {"execution_time": 0.48359036445617676, "passed": false}, "5": {"execution_time": 0.48078179359436035, "passed": true}, "6": {"execution_time": 0.5160460472106934, "passed": true}, "7": {"execution_time": 0.44267821311950684, "passed": false}, "8": {"execution_time": 0.5323891639709473, "passed": true}, "9": {"execution_time": 0.48090696334838867, "passed": false}, "10": {"execution_time": 0.48365139961242676, "passed": true}, "11": {"execution_time": 0.5928499698638916, "passed": false}}}, "check_style_score": "0/1"}