{"version": "1", "message": "ERROR: Hidden Testcases server unreachable.", "problem_id": "ads2_m6_a1_1", "user_id": "Madhu-92", "score": {"sample": {"0": {"execution_time": 0.34934377670288086, "passed": false}, "1": {"execution_time": 0.4088563919067383, "passed": false}, "2": {"execution_time": 0.3546881675720215, "passed": false}, "3": {"execution_time": 0.4395866394042969, "passed": false}, "4": {"execution_time": 0.4064455032348633, "passed": false}, "5": {"execution_time": 0.3921680450439453, "passed": false}, "6": {"execution_time": 0.4193887710571289, "passed": false}, "7": {"execution_time": 0.36492061614990234, "passed": false}, "8": {"execution_time": 0.380657434463501, "passed": false}, "9": {"execution_time": 0.3898029327392578, "passed": false}, "10": {"execution_time": 0.38296079635620117, "passed": false}, "11": {"execution_time": 0.3825998306274414, "passed": false}}}, "check_style_score": "0/1"}