{"version": "1", "message": "ERROR: Hidden Testcases server unreachable.", "problem_id": "ads2_m2_a1_1", "user_id": "Madhu-92", "score": {"sample": {"0": {"execution_time": 0.7911207675933838, "passed": true}, "1": {"execution_time": 0.36302971839904785, "passed": true}, "2": {"execution_time": 0.3471367359161377, "passed": true}, "3": {"execution_time": 0.32257556915283203, "passed": true}, "4": {"execution_time": 0.36720848083496094, "passed": true}, "5": {"execution_time": 0.3261864185333252, "passed": true}, "6": {"execution_time": 0.33985447883605957, "passed": true}, "7": {"execution_time": 0.2530558109283447, "passed": true}, "8": {"execution_time": 0.30814552307128906, "passed": true}, "9": {"execution_time": 0.3221728801727295, "passed": true}, "10": {"execution_time": 0.3206465244293213, "passed": true}, "11": {"execution_time": 0.34471583366394043, "passed": true}, "12": {"execution_time": 0.3236813545227051, "passed": true}, "13": {"execution_time": 0.3414452075958252, "passed": true}, "14": {"execution_time": 0.302278995513916, "passed": true}, "15": {"execution_time": 0.35562753677368164, "passed": true}, "16": {"execution_time": 0.33936572074890137, "passed": true}, "17": {"execution_time": 0.4267237186431885, "passed": true}, "18": {"execution_time": 0.39754819869995117, "passed": true}, "19": {"execution_time": 0.46548914909362793, "passed": true}, "20": {"execution_time": 0.4729435443878174, "passed": true}, "21": {"execution_time": 0.33736205101013184, "passed": true}, "22": {"execution_time": 0.45896172523498535, "passed": true}, "23": {"execution_time": 0.4585871696472168, "passed": true}}}, "check_style_score": "0/1"}