{"version": "1", "message": "ERROR: Hidden Testcases server unreachable.", "problem_id": "ads2_m4_a1_1", "user_id": "Madhu-92", "score": {"sample": {"0": {"execution_time": 0.16750526428222656, "passed": false}, "1": {"execution_time": 0.1340181827545166, "passed": false}, "2": {"execution_time": 0.13353800773620605, "passed": false}, "3": {"execution_time": 0.15630555152893066, "passed": false}, "4": {"execution_time": 0.1507272720336914, "passed": false}, "5": {"execution_time": 0.13515210151672363, "passed": false}, "6": {"execution_time": 0.1356980800628662, "passed": false}, "7": {"execution_time": 0.154649019241333, "passed": false}, "8": {"execution_time": 0.15262985229492188, "passed": false}, "9": {"execution_time": 0.18227171897888184, "passed": false}, "10": {"execution_time": 0.16714978218078613, "passed": false}, "11": {"execution_time": 0.1412487030029297, "passed": false}, "12": {"execution_time": 0.13593196868896484, "passed": false}, "13": {"execution_time": 0.13198208808898926, "passed": false}, "14": {"execution_time": 0.1850123405456543, "passed": false}}}, "check_style_score": "0/1"}