{"version": "1", "message": "ERROR: Hidden Testcases server unreachable.", "problem_id": "ads2_m4_a1_1", "user_id": "Madhu-92", "score": {"sample": {"0": {"execution_time": 0.40647125244140625, "passed": false}, "1": {"execution_time": 0.396975040435791, "passed": false}, "2": {"execution_time": 0.48148226737976074, "passed": false}, "3": {"execution_time": 0.49285292625427246, "passed": false}, "4": {"execution_time": 0.3564884662628174, "passed": false}, "5": {"execution_time": 0.40421390533447266, "passed": false}, "6": {"execution_time": 0.3538048267364502, "passed": false}, "7": {"execution_time": 0.37631916999816895, "passed": false}, "8": {"execution_time": 0.35506725311279297, "passed": false}, "9": {"execution_time": 0.36742353439331055, "passed": false}, "10": {"execution_time": 0.34053945541381836, "passed": false}, "11": {"execution_time": 0.3303546905517578, "passed": true}, "12": {"execution_time": 0.3317079544067383, "passed": true}, "13": {"execution_time": 1.0805346965789795, "passed": false}, "14": {"execution_time": 0.36287689208984375, "passed": false}}}, "check_style_score": "0/1"}