{"version": "1", "message": "ERROR: Hidden Testcases server unreachable.", "problem_id": "ads2_m4_a1_1", "user_id": "Madhu-92", "score": {"sample": {"0": {"execution_time": 0.19581127166748047, "passed": true}, "1": {"execution_time": 0.13277339935302734, "passed": false}, "2": {"execution_time": 0.141343355178833, "passed": false}, "3": {"execution_time": 0.14630842208862305, "passed": false}, "4": {"execution_time": 0.13766145706176758, "passed": false}, "5": {"execution_time": 0.14772844314575195, "passed": false}, "6": {"execution_time": 0.12955236434936523, "passed": false}, "7": {"execution_time": 0.13330292701721191, "passed": false}, "8": {"execution_time": 0.19102072715759277, "passed": false}, "9": {"execution_time": 0.2052149772644043, "passed": false}, "10": {"execution_time": 0.1980447769165039, "passed": false}, "11": {"execution_time": 0.13460874557495117, "passed": false}, "12": {"execution_time": 0.13493084907531738, "passed": false}, "13": {"execution_time": 0.13550186157226562, "passed": false}, "14": {"execution_time": 0.15029168128967285, "passed": true}}}, "check_style_score": "0/1"}