{"version": "1", "message": "ERROR: Hidden Testcases server unreachable.", "problem_id": "ads2_m4_a1_1", "user_id": "Madhu-92", "score": {"sample": {"0": {"execution_time": 0.19961953163146973, "passed": false}, "1": {"execution_time": 0.15850186347961426, "passed": false}, "2": {"execution_time": 0.13566231727600098, "passed": false}, "3": {"execution_time": 0.15233469009399414, "passed": false}, "4": {"execution_time": 0.14055609703063965, "passed": false}, "5": {"execution_time": 0.14826226234436035, "passed": false}, "6": {"execution_time": 0.14820504188537598, "passed": false}, "7": {"execution_time": 0.15546655654907227, "passed": false}, "8": {"execution_time": 0.18302345275878906, "passed": false}, "9": {"execution_time": 0.19895577430725098, "passed": false}, "10": {"execution_time": 0.19507741928100586, "passed": false}, "11": {"execution_time": 0.13605332374572754, "passed": false}, "12": {"execution_time": 0.14663219451904297, "passed": false}, "13": {"execution_time": 0.15210890769958496, "passed": false}, "14": {"execution_time": 0.15093064308166504, "passed": true}}}, "check_style_score": "0/1"}