{"version": "1", "message": "ERROR: Hidden Testcases server unreachable.", "problem_id": "ads2_m4_a1_1", "user_id": "Madhu-92", "score": {"sample": {"0": {"execution_time": 0.23668336868286133, "passed": false}, "1": {"execution_time": 0.2674131393432617, "passed": false}, "2": {"execution_time": 0.2746241092681885, "passed": false}, "3": {"execution_time": 0.27335309982299805, "passed": false}, "4": {"execution_time": 0.1863105297088623, "passed": false}, "5": {"execution_time": 0.21905064582824707, "passed": false}, "6": {"execution_time": 0.21120262145996094, "passed": false}, "7": {"execution_time": 0.18483638763427734, "passed": false}, "8": {"execution_time": 0.21925711631774902, "passed": false}, "9": {"execution_time": 0.22415614128112793, "passed": false}, "10": {"execution_time": 0.18036770820617676, "passed": false}, "11": {"execution_time": 0.2018892765045166, "passed": false}, "12": {"execution_time": 0.15645670890808105, "passed": false}, "13": {"execution_time": 0.8008286952972412, "passed": false}, "14": {"execution_time": 0.21642470359802246, "passed": false}}}, "check_style_score": "0/1"}