{"version": "1", "message": "ERROR: Hidden Testcases server unreachable.", "problem_id": "ads2_m4_a1_1", "user_id": "Madhu-92", "score": {"sample": {"0": {"execution_time": 0.3365459442138672, "passed": true}, "1": {"execution_time": 0.4826841354370117, "passed": true}, "2": {"execution_time": 0.4616239070892334, "passed": true}, "3": {"execution_time": 0.502495288848877, "passed": true}, "4": {"execution_time": 0.35111355781555176, "passed": true}, "5": {"execution_time": 0.40343236923217773, "passed": true}, "6": {"execution_time": 0.42951297760009766, "passed": true}, "7": {"execution_time": 0.4348571300506592, "passed": true}, "8": {"execution_time": 0.45406222343444824, "passed": true}, "9": {"execution_time": 0.34894728660583496, "passed": true}, "10": {"execution_time": 0.3721492290496826, "passed": true}, "11": {"execution_time": 0.3647937774658203, "passed": true}, "12": {"execution_time": 0.38683032989501953, "passed": true}, "13": {"execution_time": 10.217602491378784, "passed": false}, "14": {"execution_time": 0.36683106422424316, "passed": true}}}, "check_style_score": "0/1"}