{"version": "1", "message": "ERROR: Hidden Testcases server unreachable.", "problem_id": "ads2_m4_a1_1", "user_id": "Madhu-92", "score": {"sample": {"0": {"execution_time": 0.15266132354736328, "passed": false}, "1": {"execution_time": 0.1334095001220703, "passed": false}, "2": {"execution_time": 0.13383841514587402, "passed": false}, "3": {"execution_time": 0.13835382461547852, "passed": false}, "4": {"execution_time": 0.13582730293273926, "passed": false}, "5": {"execution_time": 0.13214588165283203, "passed": false}, "6": {"execution_time": 0.13292980194091797, "passed": false}, "7": {"execution_time": 0.15313100814819336, "passed": false}, "8": {"execution_time": 0.1688084602355957, "passed": false}, "9": {"execution_time": 0.14829683303833008, "passed": false}, "10": {"execution_time": 0.1493537425994873, "passed": false}, "11": {"execution_time": 0.13535833358764648, "passed": false}, "12": {"execution_time": 0.1342172622680664, "passed": false}, "13": {"execution_time": 0.1477193832397461, "passed": false}, "14": {"execution_time": 0.15831613540649414, "passed": false}}}, "check_style_score": "0/1"}