{"version": "1", "message": "ERROR: Hidden Testcases server unreachable.", "problem_id": "ads2_m4_a1_1", "user_id": "Madhu-92", "score": {"sample": {"0": {"execution_time": 0.44641637802124023, "passed": true}, "1": {"execution_time": 0.3859293460845947, "passed": true}, "2": {"execution_time": 0.540092945098877, "passed": true}, "3": {"execution_time": 0.6174395084381104, "passed": true}, "4": {"execution_time": 0.42101216316223145, "passed": true}, "5": {"execution_time": 0.44376206398010254, "passed": true}, "6": {"execution_time": 0.4089980125427246, "passed": true}, "7": {"execution_time": 0.46029067039489746, "passed": true}, "8": {"execution_time": 0.44154953956604004, "passed": true}, "9": {"execution_time": 0.29415297508239746, "passed": true}, "10": {"execution_time": 0.3306009769439697, "passed": true}, "11": {"execution_time": 0.3122074604034424, "passed": true}, "12": {"execution_time": 0.3432319164276123, "passed": true}, "13": {"execution_time": 6.699477195739746, "passed": true}, "14": {"execution_time": 0.362001895904541, "passed": true}}}, "check_style_score": "0/1"}