{"version": "1", "message": "ERROR: Hidden Testcases server unreachable.", "problem_id": "ads2_m4_a1_1", "user_id": "Madhu-92", "score": {"sample": {"0": {"execution_time": 0.4664919376373291, "passed": true}, "1": {"execution_time": 0.4688379764556885, "passed": true}, "2": {"execution_time": 0.531590461730957, "passed": true}, "3": {"execution_time": 0.6180944442749023, "passed": true}, "4": {"execution_time": 0.4352447986602783, "passed": true}, "5": {"execution_time": 0.4210548400878906, "passed": true}, "6": {"execution_time": 0.4253208637237549, "passed": true}, "7": {"execution_time": 0.42806339263916016, "passed": true}, "8": {"execution_time": 0.447418212890625, "passed": true}, "9": {"execution_time": 0.39943909645080566, "passed": true}, "10": {"execution_time": 0.33600735664367676, "passed": true}, "11": {"execution_time": 0.2790546417236328, "passed": true}, "12": {"execution_time": 0.27603888511657715, "passed": true}, "13": {"execution_time": 7.080760955810547, "passed": true}, "14": {"execution_time": 0.33487892150878906, "passed": true}}}, "check_style_score": "0/1"}