{"version": "1", "message": "ERROR: Hidden Testcases server unreachable.", "problem_id": "ads2_m4_a1_1", "user_id": "Madhu-92", "score": {"sample": {"0": {"execution_time": 0.43979859352111816, "passed": true}, "1": {"execution_time": 0.50264573097229, "passed": true}, "2": {"execution_time": 0.520658016204834, "passed": true}, "3": {"execution_time": 0.5524351596832275, "passed": true}, "4": {"execution_time": 0.4008045196533203, "passed": true}, "5": {"execution_time": 0.37457799911499023, "passed": true}, "6": {"execution_time": 0.43340277671813965, "passed": true}, "7": {"execution_time": 0.4296591281890869, "passed": true}, "8": {"execution_time": 0.4246695041656494, "passed": true}, "9": {"execution_time": 0.3721036911010742, "passed": true}, "10": {"execution_time": 0.34879112243652344, "passed": true}, "11": {"execution_time": 0.3555872440338135, "passed": true}, "12": {"execution_time": 0.3095834255218506, "passed": true}, "13": {"execution_time": 6.754798412322998, "passed": true}, "14": {"execution_time": 0.35683274269104004, "passed": true}}}, "check_style_score": "0/1"}