{"version": "1", "message": "ERROR: Hidden Testcases server unreachable.", "problem_id": "ads2_m4_a1_1", "user_id": "Madhu-92", "score": {"sample": {"0": {"execution_time": 0.18880915641784668, "passed": true}, "1": {"execution_time": 0.16531658172607422, "passed": false}, "2": {"execution_time": 0.15883231163024902, "passed": false}, "3": {"execution_time": 0.13531112670898438, "passed": false}, "4": {"execution_time": 0.13863587379455566, "passed": false}, "5": {"execution_time": 0.13238263130187988, "passed": false}, "6": {"execution_time": 0.14937615394592285, "passed": false}, "7": {"execution_time": 0.14447999000549316, "passed": false}, "8": {"execution_time": 0.20403766632080078, "passed": true}, "9": {"execution_time": 0.18197846412658691, "passed": false}, "10": {"execution_time": 0.18421554565429688, "passed": false}, "11": {"execution_time": 0.17596197128295898, "passed": false}, "12": {"execution_time": 0.13461780548095703, "passed": false}, "13": {"execution_time": 0.1352829933166504, "passed": false}, "14": {"execution_time": 0.16586065292358398, "passed": true}}}, "check_style_score": "0/1"}