{"version": "1", "message": "ERROR: Hidden Testcases server unreachable.", "problem_id": "ads2_m4_a1_1", "user_id": "Madhu-92", "score": {"sample": {"0": {"execution_time": 0.544527530670166, "passed": true}, "1": {"execution_time": 0.47132444381713867, "passed": true}, "2": {"execution_time": 0.6038634777069092, "passed": true}, "3": {"execution_time": 0.5853843688964844, "passed": true}, "4": {"execution_time": 0.4384441375732422, "passed": true}, "5": {"execution_time": 0.46556901931762695, "passed": true}, "6": {"execution_time": 0.44214916229248047, "passed": true}, "7": {"execution_time": 0.4643542766571045, "passed": true}, "8": {"execution_time": 0.4535350799560547, "passed": true}, "9": {"execution_time": 0.4267749786376953, "passed": true}, "10": {"execution_time": 0.3892230987548828, "passed": true}, "11": {"execution_time": 0.3693361282348633, "passed": true}, "12": {"execution_time": 0.4234600067138672, "passed": true}, "13": {"execution_time": 10.213724613189697, "passed": false}, "14": {"execution_time": 0.3928248882293701, "passed": true}}}, "check_style_score": "0/1"}