{"version": "1", "message": "ERROR: Hidden Testcases server unreachable.", "problem_id": "ads2_m16_a1_1", "user_id": "Madhu-92", "score": {"sample": {"0": {"execution_time": 0.5318441390991211, "passed": true}, "1": {"execution_time": 0.4951012134552002, "passed": true}, "2": {"execution_time": 0.7578766345977783, "passed": true}, "3": {"execution_time": 0.8281409740447998, "passed": true}, "4": {"execution_time": 0.8776082992553711, "passed": true}, "5": {"execution_time": 0.8071954250335693, "passed": true}, "6": {"execution_time": 0.8979744911193848, "passed": true}, "7": {"execution_time": 0.8840360641479492, "passed": true}, "8": {"execution_time": 0.49414968490600586, "passed": true}, "9": {"execution_time": 0.793834924697876, "passed": true}, "10": {"execution_time": 0.8874363899230957, "passed": true}, "11": {"execution_time": 4.050565004348755, "passed": true}, "12": {"execution_time": 0.8341319561004639, "passed": true}, "13": {"execution_time": 0.41412973403930664, "passed": true}, "14": {"execution_time": 0.7850296497344971, "passed": true}, "15": {"execution_time": 0.8509762287139893, "passed": true}, "16": {"execution_time": 0.5398573875427246, "passed": true}, "17": {"execution_time": 0.4917597770690918, "passed": true}, "18": {"execution_time": 0.4949181079864502, "passed": true}, "19": {"execution_time": 0.5659441947937012, "passed": true}, "20": {"execution_time": 0.5620791912078857, "passed": true}, "21": {"execution_time": 0.46566057205200195, "passed": true}, "22": {"execution_time": 0.4980330467224121, "passed": true}, "23": {"execution_time": 0.5867500305175781, "passed": true}, "24": {"execution_time": 0.37400031089782715, "passed": true}, "25": {"execution_time": 0.9181666374206543, "passed": true}, "26": {"execution_time": 0.7177269458770752, "passed": true}, "27": {"execution_time": 0.885706901550293, "passed": true}, "28": {"execution_time": 1.259429693222046, "passed": true}, "29": {"execution_time": 0.4372100830078125, "passed": true}}}, "check_style_score": "0/1"}