{"version": "1", "message": "ERROR: Hidden Testcases server unreachable.", "problem_id": "ads2_m16_a1_1", "user_id": "Madhu-92", "score": {"sample": {"0": {"execution_time": 0.42924952507019043, "passed": true}, "1": {"execution_time": 0.3523294925689697, "passed": true}, "2": {"execution_time": 0.8455727100372314, "passed": true}, "3": {"execution_time": 0.9028162956237793, "passed": true}, "4": {"execution_time": 0.8631947040557861, "passed": true}, "5": {"execution_time": 0.8602499961853027, "passed": true}, "6": {"execution_time": 1.1226387023925781, "passed": true}, "7": {"execution_time": 1.187138557434082, "passed": true}, "8": {"execution_time": 0.7812652587890625, "passed": true}, "9": {"execution_time": 1.1913962364196777, "passed": true}, "10": {"execution_time": 1.0084335803985596, "passed": true}, "11": {"execution_time": 8.526320695877075, "passed": true}, "12": {"execution_time": 1.265988826751709, "passed": true}, "13": {"execution_time": 0.6035139560699463, "passed": true}, "14": {"execution_time": 1.1583738327026367, "passed": true}, "15": {"execution_time": 1.3061153888702393, "passed": true}, "16": {"execution_time": 0.7283954620361328, "passed": true}, "17": {"execution_time": 0.7047066688537598, "passed": true}, "18": {"execution_time": 0.7073745727539062, "passed": true}, "19": {"execution_time": 0.6087982654571533, "passed": true}, "20": {"execution_time": 0.7820827960968018, "passed": true}, "21": {"execution_time": 0.7779731750488281, "passed": true}, "22": {"execution_time": 0.6033542156219482, "passed": true}, "23": {"execution_time": 0.5360076427459717, "passed": true}, "24": {"execution_time": 0.40270018577575684, "passed": true}, "25": {"execution_time": 1.2201547622680664, "passed": true}, "26": {"execution_time": 1.15091872215271, "passed": true}, "27": {"execution_time": 1.1420917510986328, "passed": true}, "28": {"execution_time": 1.676076889038086, "passed": true}, "29": {"execution_time": 0.4540979862213135, "passed": true}}}, "check_style_score": "1/1"}