{"version": "1", "message": "ERROR: Hidden Testcases server unreachable.", "problem_id": "ads2_m16_a1_1", "user_id": "Madhu-92", "score": {"sample": {"0": {"execution_time": 0.5424208641052246, "passed": true}, "1": {"execution_time": 0.41442155838012695, "passed": true}, "2": {"execution_time": 0.7937016487121582, "passed": true}, "3": {"execution_time": 0.8690896034240723, "passed": true}, "4": {"execution_time": 0.7538506984710693, "passed": true}, "5": {"execution_time": 0.7513070106506348, "passed": true}, "6": {"execution_time": 0.904918909072876, "passed": true}, "7": {"execution_time": 0.9418618679046631, "passed": true}, "8": {"execution_time": 0.48471736907958984, "passed": true}, "9": {"execution_time": 0.8542110919952393, "passed": true}, "10": {"execution_time": 1.0799791812896729, "passed": true}, "11": {"execution_time": 8.449119806289673, "passed": true}, "12": {"execution_time": 1.224499225616455, "passed": true}, "13": {"execution_time": 0.5526628494262695, "passed": true}, "14": {"execution_time": 1.2131550312042236, "passed": true}, "15": {"execution_time": 1.150505542755127, "passed": true}, "16": {"execution_time": 0.759706974029541, "passed": true}, "17": {"execution_time": 0.6182143688201904, "passed": true}, "18": {"execution_time": 0.6457974910736084, "passed": true}, "19": {"execution_time": 0.6247377395629883, "passed": true}, "20": {"execution_time": 0.6069920063018799, "passed": true}, "21": {"execution_time": 0.5978195667266846, "passed": true}, "22": {"execution_time": 0.5721020698547363, "passed": true}, "23": {"execution_time": 0.5722548961639404, "passed": true}, "24": {"execution_time": 0.5113370418548584, "passed": true}, "25": {"execution_time": 1.2108170986175537, "passed": true}, "26": {"execution_time": 0.9305570125579834, "passed": true}, "27": {"execution_time": 1.165045976638794, "passed": true}, "28": {"execution_time": 1.8966834545135498, "passed": true}, "29": {"execution_time": 0.5236368179321289, "passed": true}}}, "check_style_score": "0/1"}