{"version": "1", "message": "ERROR: Hidden Testcases server unreachable.", "problem_id": "ads2_m16_a1_1", "user_id": "Madhu-92", "score": {"sample": {"0": {"execution_time": 0.5755844116210938, "passed": true}, "1": {"execution_time": 0.5445857048034668, "passed": true}, "2": {"execution_time": 1.009174108505249, "passed": true}, "3": {"execution_time": 0.8154876232147217, "passed": true}, "4": {"execution_time": 0.8175957202911377, "passed": true}, "5": {"execution_time": 1.0383319854736328, "passed": true}, "6": {"execution_time": 0.800377607345581, "passed": true}, "7": {"execution_time": 0.8265306949615479, "passed": true}, "8": {"execution_time": 0.6267647743225098, "passed": true}, "9": {"execution_time": 0.8083915710449219, "passed": true}, "10": {"execution_time": 0.803931474685669, "passed": true}, "11": {"execution_time": 4.353468179702759, "passed": true}, "12": {"execution_time": 0.7999241352081299, "passed": true}, "13": {"execution_time": 0.5234780311584473, "passed": true}, "14": {"execution_time": 0.9107320308685303, "passed": true}, "15": {"execution_time": 0.8452529907226562, "passed": true}, "16": {"execution_time": 0.5584754943847656, "passed": true}, "17": {"execution_time": 0.5553948879241943, "passed": true}, "18": {"execution_time": 0.5018150806427002, "passed": true}, "19": {"execution_time": 0.6300983428955078, "passed": true}, "20": {"execution_time": 0.6131324768066406, "passed": true}, "21": {"execution_time": 0.48052000999450684, "passed": true}, "22": {"execution_time": 0.5472297668457031, "passed": true}, "23": {"execution_time": 0.4627563953399658, "passed": true}, "24": {"execution_time": 0.4384276866912842, "passed": true}, "25": {"execution_time": 0.8472962379455566, "passed": true}, "26": {"execution_time": 0.8812065124511719, "passed": true}, "27": {"execution_time": 0.9315230846405029, "passed": true}, "28": {"execution_time": 1.3765370845794678, "passed": true}, "29": {"execution_time": 0.44109559059143066, "passed": false}}}, "check_style_score": "0/1"}